content_id,content_type,topic,title_1,title_2,title_3,cover_text,body,hashtags,cta,risk_level,risk_reason,publish_recommendation
XHS-001,学习方法,CPA数学启蒙：先实物，再图形，最后算式,CPA数学启蒙：先实物，再图形，最后算式，问题可能不在努力,数学启蒙别急着刷题,很多家长忽略了：先理解数量关系，再进入抽象计算,数学启蒙别急着刷题,CPA数学启蒙：先实物，再图形，最后算式，关键不是让孩子一下子做很多题，而是把方法变成孩子能理解的步骤。可以先用生活里的例子讲清楚，再让孩子画图表达，最后才进入题目练习。家长陪练时少讲答案，多问为什么。孩子能说出自己的判断依据，说明思维正在建立。,#数学思维 #少儿编程 #家长必看 #学习方法 #在线教育 #思维训练,评论“CPA”，我整理一份相关练习/观察清单。,green,未命中主要风险词，仍需检查事实和错别字,publish
XHS-002,误区纠正,家长只盯答案，孩子会越来越怕数学,家长只盯答案，孩子会越来越怕数学，问题可能不在努力,别只盯答案,很多家长忽略了：用提问替代催促,别只盯答案,很多家庭在学习上最容易踩的坑，是只看结果，不看过程。家长只盯答案，孩子会越来越怕数学就是典型例子。家长可以把“你怎么又错了”换成“你刚才是怎么想的”。这个变化很小，但能让孩子从害怕被批评，转向愿意表达。先保护思考意愿，再训练方法，学习才更容易持续。,#数学思维 #少儿编程 #家长必看 #学习方法 #在线教育 #思维训练,评论“讲题”，我整理一份相关练习/观察清单。,green,未命中主要风险词，仍需检查事实和错别字,publish
XHS-003,家长痛点,孩子一遇难题就说不会,孩子一遇难题就说不会，问题可能不在努力,一遇难题就放弃？,很多家长忽略了：先帮孩子找到第一小步,一遇难题就放弃？,很多家长看到孩子一遇难题就说不会，第一反应是着急纠正。但这个问题背后，常常不是孩子不努力，而是缺少可执行的方法。建议家长先把目标拆小：先问孩子看懂了什么，再问准备先做哪一步，最后让孩子说出理由。当孩子能把思路讲出来，后面的练习才更有效。,#数学思维 #少儿编程 #家长必看 #学习方法 #在线教育 #思维训练,评论“难题”，我整理一份相关练习/观察清单。,green,未命中主要风险词，仍需检查事实和错别字,publish
XHS-004,资料领取,4-12岁孩子数学思维自查,4-12岁孩子数学思维自查，问题可能不在努力,数学思维自查表,很多家长忽略了：用读题、表达、迁移、抗挫四项观察孩子,数学思维自查表,4-12岁孩子数学思维自查，可以先不用急着下结论。家长可以观察几个点：孩子能不能读懂题，能不能说出思路，能不能把旧方法用到新题里，遇到难题会不会直接放弃。这些表现比单次分数更能反映学习状态。需要的话，可以先用一张观察表做初步判断。,#数学思维 #少儿编程 #家长必看 #学习方法 #在线教育 #思维训练,评论“自查”，我整理一份相关练习/观察清单。,green,未命中主要风险词，仍需检查事实和错别字,publish
XHS-005,案例故事,孩子从猜答案到愿意讲思路,孩子从猜答案到愿意讲思路，问题可能不在努力,会讲思路更重要,很多家长忽略了：奖励思考过程，而不是只奖励正确答案,会讲思路更重要,我们经常看到一种情况：孩子不是完全不会，而是习惯猜答案。遇到从猜答案到愿意讲思路时，如果只纠正对错，孩子下次还是容易卡住。更好的做法是让孩子复述题目、说出条件、讲清第一步。刚开始说得慢也没关系，能表达思路，本身就是进步。,#数学思维 #少儿编程 #家长必看 #学习方法 #在线教育 #思维训练,评论“思路”，我整理一份相关练习/观察清单。,green,未命中主要风险词，仍需检查事实和错别字,publish
XHS-006,误区纠正,编程启蒙不是越早写代码越好,编程启蒙不是越早写代码越好，问题可能不在努力,编程启蒙先练逻辑,很多家长忽略了：先练顺序、分类、条件和分解任务,编程启蒙先练逻辑,很多家庭在学习上最容易踩的坑，是只看结果，不看过程。编程启蒙不是越早写代码越好就是典型例子。家长可以把“你怎么又错了”换成“你刚才是怎么想的”。这个变化很小，但能让孩子从害怕被批评，转向愿意表达。先保护思考意愿，再训练方法，学习才更容易持续。,#数学思维 #少儿编程 #家长必看 #学习方法 #在线教育 #思维训练,评论“编程”，我整理一份相关练习/观察清单。,green,未命中主要风险词，仍需检查事实和错别字,publish
XHS-007,资料领取,孩子数学思维和编程启蒙怎么选,孩子数学思维和编程启蒙怎么选，问题可能不在努力,先判断，再选课,很多家长忽略了：按孩子当前卡点选择训练方向,先判断，再选课,孩子数学思维和编程启蒙怎么选，可以先不用急着下结论。家长可以观察几个点：孩子能不能读懂题，能不能说出思路，能不能把旧方法用到新题里，遇到难题会不会直接放弃。这些表现比单次分数更能反映学习状态。需要的话，可以先用一张观察表做初步判断。,#数学思维 #少儿编程 #家长必看 #学习方法 #在线教育 #思维训练,评论“判断”，我整理一份相关练习/观察清单。,green,未命中主要风险词，仍需检查事实和错别字,publish
XHS-008,学习方法,家长在家用3个问题训练孩子表达思路,家长在家用3个问题训练孩子表达思路，问题可能不在努力,这样问，孩子更愿意思考,很多家长忽略了：让孩子说出条件、步骤和理由,这样问，孩子更愿意思考,家长在家用3个问题训练孩子表达思路，关键不是让孩子一下子做很多题，而是把方法变成孩子能理解的步骤。可以先用生活里的例子讲清楚，再让孩子画图表达，最后才进入题目练习。家长陪练时少讲答案，多问为什么。孩子能说出自己的判断依据，说明思维正在建立。,#数学思维 #少儿编程 #家长必看 #学习方法 #在线教育 #思维训练,评论“提问”，我整理一份相关练习/观察清单。,green,未命中主要风险词，仍需检查事实和错别字,publish
XHS-009,家长痛点,孩子上课听懂了，回家还是不会做,孩子上课听懂了，回家还是不会做，问题可能不在努力,孩子不是笨，是没学会拆题,很多家长忽略了：把答案导向改成思路导向,孩子不是笨，是没学会拆题,很多家长看到孩子上课听懂了，回家还是不会做，第一反应是着急纠正。但这个问题背后，常常不是孩子不努力，而是缺少可执行的方法。建议家长先把目标拆小：先问孩子看懂了什么，再问准备先做哪一步，最后让孩子说出理由。当孩子能把思路讲出来，后面的练习才更有效。,#数学思维 #少儿编程 #家长必看 #学习方法 #在线教育 #思维训练,评论“拆题”，我整理一份相关练习/观察清单。,green,未命中主要风险词，仍需检查事实和错别字,publish
XHS-010,学习方法,在家用小游戏训练逻辑思维,在家用小游戏训练逻辑思维，问题可能不在努力,在家练逻辑的3个小游戏,很多家长忽略了：把找规律、分类、讲顺序变成亲子练习,在家练逻辑的3个小游戏,在家用小游戏训练逻辑思维，关键不是让孩子一下子做很多题，而是把方法变成孩子能理解的步骤。可以先用生活里的例子讲清楚，再让孩子画图表达，最后才进入题目练习。家长陪练时少讲答案，多问为什么。孩子能说出自己的判断依据，说明思维正在建立。,#数学思维 #少儿编程 #家长必看 #学习方法 #在线教育 #思维训练,评论“游戏”，我整理一份相关练习/观察清单。,green,未命中主要风险词，仍需检查事实和错别字,publish
